crawl_date,show_date,show_desc,show_genre,show_id,show_name,show_rate,show_vote_cnt,similar_show
2024-04-17T16:44,2011–2021,"A scrappy, feisty, fiercely loyal Chicago family makes no apologies.","Comedy,Drama",tt1586680,Shameless,8.5,284K,"Breaking Bad,Friends,Stranger Things,Euphoria,Suits,The Office,The Boys,Game of Thrones,The Walking Dead,The Big Bang Theory,House,Modern Family"
2024-04-17T16:44,2009–2023,Covert black ops and espionage take a back seat to zany personalities and relationships between secret agents and drones.,"Animation,Action,Comedy",tt1486217,Archer,8.6,166K,"Futurama,South Park,Arrested Development,The Simpsons,Bob's Burgers,Rick and Morty,It's Always Sunny in Philadelphia,BoJack Horseman,Community,Parks and Recreation,Chappelle's Show,American Dad!"
2024-04-17T16:44,2005–,"Budding entrepreneurs, inventors, and small businessmen pitch their ideas to five ""dragons""--real-life business leaders and millionaires.","Game-Show,Reality-TV",tt0443370,Dragons' Den,6.9,2.5K,"The Apprentice UK,The Chase,Who Wants to Be a Millionaire,Dragons' Den,I'm a Celebrity, Get Me Out of Here!,Come Dine with Me,Pointless,Ant & Dec's Saturday Night Takeaway,Michael McIntyre's Big Show,Gogglebox,The Wheel,The Graham Norton Show"
2024-04-17T16:44,2019–,Docuseries following the FIA Formula One World Championship across multiple seasons.,"Documentary,Sport",tt8289930,Formula 1: Drive to Survive,8.5,51K,"The Grand Tour,Top Gear,Schumacher,Clarkson's Farm,The Last Dance,Formula 1,Beckham,Full Swing,Greatest Events of WWII in Colour,Break Point,The Simpsons,Planet Earth II"
2024-04-17T16:44,2007–2017,"Naruto Uzumaki, is a loud, hyperactive, adolescent ninja who constantly searches for approval and recognition, as well as to become Hokage, who is acknowledged as the leader and strongest of...","Animation,Action,Adventure",tt0988824,Naruto: Shippuden,8.7,168K,"Naruto,Death Note,Hunter x Hunter,Jujutsu Kaisen,Demon Slayer: Kimetsu no Yaiba,Attack on Titan,Dragon Ball Z,Boruto: Naruto Next Generations,Bleach,One Piece,Vinland Saga,Bleach: Thousand-Year Blood War"
2024-04-17T16:44,2014–2019,"A young, devout Catholic woman discovers that she was accidentally artificially inseminated.",Comedy,tt3566726,Jane the Virgin,7.9,59K,"Pretty Little Liars,Ginny & Georgia,Gossip Girl,Never Have I Ever,New Girl,The Good Place,Bridgerton,Gilmore Girls,Emily in Paris,Good Girls,Juana la virgen,Queen Charlotte: A Bridgerton Story"
2024-04-17T16:44,2014–2020,A group of ambitious law students and their brilliant criminal defense professor become involved in a twisted murder plot that promises to change the course of their lives.,"Crime,Drama,Mystery",tt3205802,How to Get Away with Murder,8.1,166K,"13 Reasons Why,You,Orange Is the New Black,Pretty Little Liars,Scandal,Gossip Girl,Sex Education,Emily in Paris,Good Girls,Money Heist,Ginny & Georgia,Bridgerton"
2024-04-17T16:44,2011–2014,"Gon Freecss aspires to become a Hunter, an exceptional being capable of greatness. With his friends and his potential, he seeks out his father, who left him when he was younger.","Animation,Action,Adventure",tt2098220,Hunter x Hunter,9.0,134K,"Jujutsu Kaisen,Attack on Titan,Death Note,Naruto: Shippuden,The Apothecary Diaries,One Piece,Dragon Ball Z,Frieren: Beyond Journey's End,Demon Slayer: Kimetsu no Yaiba,Naruto,Hunter x Hunter,Vinland Saga"
2024-04-17T16:44,2015–2017,"A chronicled look at the criminal exploits of Colombian drug lord Pablo Escobar, as well as the many other drug kingpins who plagued the country through the years.","Biography,Crime,Drama",tt2707408,Narcos,8.8,469K,"Narcos: Mexico,Chernobyl,Peaky Blinders,House of Cards,Black Mirror,Better Call Saul,Breaking Bad,The Queen's Gambit,Mindhunter,Money Heist,The Last Dance,Game of Thrones"
2024-04-17T16:44,2007–,"A multi-generational saga set in Alberta, Canada and centered on a family getting through life together in both happy and trying times.","Drama,Family",tt1094229,Heartland,8.5,20K,"A Heartland Christmas,Chesapeake Shores,When Calls the Heart,Little House on the Prairie,A Summer to Remember,An Evergreen Christmas,Wildfire,The Good Witch's Wonder,Remedy,Paw Patrol: Jet to the Rescue,The Good Witch,Full House"
2024-04-17T16:44,2015–2019,"Following the tragic end of her brief superhero career, Jessica Jones tries to rebuild her life as a private investigator, dealing with cases involving people with remarkable abilities in Ne...","Action,Crime,Drama",tt2357547,Jessica Jones,7.9,227K,"Luke Cage,The Defenders,Iron Fist,Daredevil,The Punisher,Agent Carter,Agents of S.H.I.E.L.D.,WandaVision,The Falcon and the Winter Soldier,Hawkeye,Moon Knight,Arrow"
2024-04-17T16:44,2004–2012,"Using a crack team of doctors and his wits, an antisocial maverick doctor specializing in diagnostic medicine does whatever it takes to solve puzzling cases that come his way.","Drama,Mystery",tt0412142,House,8.7,512K,"Suits,The Boys,Sherlock,The Office,Friends,The Big Bang Theory,Stranger Things,Game of Thrones,Breaking Bad,Shameless,Supernatural,Brooklyn Nine-Nine"
2024-04-17T16:44,2015–2018,"A blind lawyer by day, vigilante by night. Matt Murdock fights the crime of New York as Daredevil.","Action,Crime,Drama",tt3322312,Daredevil,8.6,474K,"The Punisher,The Defenders,Jessica Jones,Luke Cage,Iron Fist,Daredevil: Born Again,Moon Knight,Loki,Hawkeye,WandaVision,Daredevil,The Boys"
2024-04-17T16:44,2017–2019,"After his revenge on those who murdered his family, aimless Marine veteran Frank Castle finds a new meaning in life as a vigilante known as ""The Punisher"".","Action,Crime,Drama",tt5675620,The Punisher,8.4,265K,"Daredevil,Luke Cage,Jessica Jones,The Defenders,Iron Fist,The Punisher,Moon Knight,Prison Break,The Punisher,Punisher: War Zone,Arrow,WandaVision"
2024-04-17T16:44,2020,"Orphaned at the tender age of nine, prodigious introvert Beth Harmon discovers and masters the game of chess in 1960s USA. But child stardom comes at a price.",Drama,tt10048342,The Queen's Gambit,8.5,551K,"Squid Game,Chernobyl,Stranger Things,Peaky Blinders,Black Mirror,Sherlock,Breaking Bad,Game of Thrones,Money Heist,The Last of Us,The Queens Gamble,Friends"
2024-04-17T16:44,2017–2019,"In the late 1970s, two FBI agents broaden the realm of criminal science by investigating the psychology behind murder and end up getting too close to real-life monsters.","Crime,Drama,Mystery",tt5290382,Mindhunter,8.6,335K,"The Queen's Gambit,House of Cards,Chernobyl,Narcos,Dark,Ozark,Peaky Blinders,Sherlock,Mind Hunter,Black Mirror,Mr. Robot,Westworld"
2024-04-17T16:44,2010–2017,"The quirky spin on Conan Doyle's iconic sleuth pitches him as a ""high-functioning sociopath"" in modern-day London. Assisting him in his investigations: Afghanistan War vet John Watson, who's...","Crime,Drama,Mystery",tt1475582,Sherlock,9.1,996K,"Chernobyl,Game of Thrones,Peaky Blinders,The Queen's Gambit,Black Mirror,Stranger Things,Breaking Bad,Friends,Better Call Saul,Sherlock Holmes,Rick and Morty,The Office"
2024-04-17T16:44,2013–2015,"The lives of the people of Arcadia, Missouri are forever changed when their deceased loved ones return.","Drama,Fantasy",tt2647586,Resurrection,7.3,16K,"The Returned,Frequency,Believe,The Messengers,American Odyssey,The Returned,The Whispers,Chicago Justice,Crisis,Resurrection,Second Chance,American Gothic"
2024-04-17T16:44,2019–2020,"Six strangers share a fabulous house in Tokyo, looking for love while living under the same roof. With no script what happens next is up to them.","Drama,Reality-TV",tt10686814,Terrace House: Tokyo 2019-2020,7.4,800,"Terrace House,Terrace House: Aloha State,Terrace House: Opening New Doors,Terrace House: Boys × Girls Next Door,Love Village,The Future Diary,Single's Inferno,Ainori Love Wagon: Asian Journey,Love Deadline,Rea(l)ove,Love Is Blind: Japan,Terrace House: Closing Door"
2024-04-17T16:44,2015–2021,"Follow the Murphy family back to the 1970s, when kids roamed wild, beer flowed freely and nothing came between a man and his TV.","Animation,Comedy,Drama",tt4326894,F Is for Family,8.0,41K,"Paradise PD,Big Mouth,Disenchantment,Inside Job,Hoops,Close Enough,Human Resources,Solar Opposites,Brickleberry,Final Space,Bob's Burgers,Family Guy"
2024-04-17T16:44,2015–2017,"McKeyla, Adrienne, Bryden, and Camryn are four super-smart and science-skilled girls recruited to join the spy organization NOV8.",Family,tt4861760,Project Mc²,6.2,1.3K,"No Good Nick,The Baby-Sitters Club,Greenhouse Academy,Alexa & Katie,Go! Live Your Way,Free Rein,Malibu Rescue,Mako Mermaids,Project Mc2 New Years Eve Countdown 2016,The Thundermans,The Worst Witch,Summer's Shadow"
2024-04-17T16:44,2016–2018,"An ordinary boy finds a magic amulet that chooses him to be a Trollhunter, a guardian that defends the world of humans and the secret world of trolls.","Animation,Action,Adventure",tt1734135,Trollhunters: Tales of Arcadia,8.4,19K,"3Below: Tales of Arcadia,Wizards,Trollhunters: Rise of the Titans,The Dragon Prince,Kipo and the Age of Wonderbeasts,Dragons: Race to the Edge,The Hollow,Voltron: Legendary Defender,Carmen Sandiego,She-Ra and the Princesses of Power,Maya and the Three,Hilda"
2024-04-17T16:44,2018–2023,"Dick and Rachel, a girl possessed by a strange darkness, get embroiled in a conspiracy that could bring Hell on Earth. Joining them along the way are the hot-headed Starfire and lovable Beas...","Action,Adventure,Crime",tt1043813,Titans,7.5,113K,"Doom Patrol,The Flash,Gotham,Arrow,DC's Legends of Tomorrow,Stargirl,Supergirl,Superman & Lois,Iron Fist,The Umbrella Academy,Agents of S.H.I.E.L.D.,The Defenders"
2024-04-17T16:44,2016–2018,"When a sabotaged experiment gives him super strength and unbreakable skin, Luke Cage becomes a fugitive attempting to rebuild his life in Harlem and must confront his past and fight a battle...","Action,Crime,Drama",tt3322314,Luke Cage,7.2,140K,"Iron Fist,The Defenders,Jessica Jones,Daredevil,The Punisher,Agent Carter,Agents of S.H.I.E.L.D.,The Falcon and the Winter Soldier,Arrow,Hawkeye,Gotham,Moon Knight"
2024-04-17T16:44,2017–2018,A young man is bestowed with incredible martial arts skills and a mystical force known as the Iron Fist.,"Action,Adventure,Crime",tt3322310,Iron Fist,6.4,140K,"Luke Cage,The Defenders,Jessica Jones,Daredevil,The Punisher,Agent Carter,Agents of S.H.I.E.L.D.,Arrow,The Falcon and the Winter Soldier,Moon Knight,Hawkeye,Cloak & Dagger"
2024-04-17T16:44,2020–,"LEGO enthusiasts participate in a series of competitions that begin with a single LEGO brick and concludes with inspiring, complex constructions.",Game-Show,tt9615014,Lego Masters,7.5,3.1K,"Lego Masters Australia,Domino Masters,Lego Masters,Lego Masters NZ,Holey Moley,Lego Masters,MasterChef USA,American Ninja Warrior,Wipeout,The Great British Baking Show,Baking Impossible,Crime Scene Kitchen"
2024-04-17T16:44,2015–2024,A single dad has his hands full raising six rambunctious chipmunks in this animated comedy.,"Animation,Comedy,Family",tt3496230,Alvinnn!!! And the Chipmunks,4.5,1.7K,"Alvin & the Chipmunks,The Casagrandes,The Tom and Jerry Show,The Loud House,Rabbids Invasion,T.U.F.F. Puppy,Alvin and the Chipmunks: Chipwrecked,Zig & Sharko,The Smurfs,Alvin and the Chipmunks: The Road Chip,Masha and the Bear,Apple & Onion"
2024-04-17T16:44,2015–,"The story of Saitama, a hero that does it just for fun & can defeat his enemies with a single punch.","Animation,Action,Comedy",tt4508902,One Punch Man,8.7,185K,"Fullmetal Alchemist: Brotherhood,Black Clover,Assassination Classroom,Adventure Time,Gravity Falls,Aikatsu Stars!,Dragon Ball Super,Aikatsu!,Fairy Tail,Avatar: The Last Airbender,Mr. Bean,Regular Show"
2024-04-17T16:44,2022,"A journalist with a lot to prove investigates the case of Anna Delvey, the Instagram-legendary German heiress who stole the hearts of New York's social scene - and stole their money as well.",Drama,tt8740976,Inventing Anna,6.9,80K,"Maid,Dead to Me,Little Fires Everywhere,Ozark,The Woman in the House Across the Street from the Girl in the Window,Emily in Paris,Big Little Lies,Unorthodox,Unbelievable,The Sinner,How to Get Away with Murder,Ratched"
2024-04-17T16:44,2018–,Comedian David Letterman interviews people he finds fascinating.,Talk-Show,tt7829834,My Next Guest Needs No Introduction with David Letterman,7.8,6.2K,"Late Show with David Letterman,Late Night with David Letterman,That's My Time with David Letterman,Late Night with Conan O'Brien,Hot Ones,John Mulaney Presents: Everybody's in LA,Ricky Gervais: SuperNature,The Late Show with Stephen Colbert,Between Two Ferns with Zach Galifianakis,Norm Macdonald Has a Show,Norm Macdonald: Nothing Special,The Light We Carry: Michelle Obama and Oprah Winfrey"
2024-04-17T16:44,2012–2014,"Aladdin, Alibaba, and Morgiana go their separate ways after spending time together in Sindria to develop their own strengths, make new friends and prepare for what is coming.","Animation,Action,Adventure",tt2425098,Magi: The Labyrinth of Magic,7.8,4.7K,"Magi: Sinbad no Bouken,Blue Exorcist,Log Horizon,No Game, No Life,Tower of God,The Rising of the Shield Hero,Overlord,Sword Art Online,Noragami,Black Butler,Blood Blockade Battlefront,The Irregular at Magic High School"
2024-04-17T16:44,2019–,A talented group of aspiring make-up artists attempt to prove their potential to industry professionals in this competition hosted first by Stacey Dooley then by Maya Jama.,"Game-Show,Reality-TV",tt9680524,Glow Up: Britain's Next Make-Up Star,7.0,3K,"Next in Fashion,The Big Flower Fight,Blown Away,Face Off,Making the Cut,Sugar Rush,Zumbo's Just Desserts,Glow Up,Glow Up - Deutschlands nächster Make-up-Star,Crazy Delicious,School of Chocolate,Skin Wars"
2024-04-17T16:44,2016–2018,An unlikely trio travels through time to battle unknown criminals and protect history as we know it.,"Action,Adventure,Drama",tt5511582,Timeless,7.6,47K,"Continuum,Travelers,12 Monkeys,Limitless,Dark Matter,Forever,Revolution,Colony,Terra Nova,Timeless,Falling Skies,Blindspot"
2024-04-17T16:44,2016–2017,"The oddball family life of Miranda Sings, an incredibly confident, totally untalented star on the rise who continues to fail upward by the power of her belief that she was born famous--but n...","Comedy,Drama,Family",tt5467814,Haters Back Off!,5.9,7.9K,"Project Mc²,Creeped Out,A Series of Unfortunate Events,Julie and the Phantoms,Fuller House,Fan Girl,Victorious,Alexa & Katie,Sam & Cat,H2O: Just Add Water,Some Assembly Required,K.C. Undercover"
2024-04-17T16:44,2015–2019,A serialized anthology series that follows a group of teenagers being targeted by a masked serial killer.,"Comedy,Crime,Drama",tt3921180,Scream: The TV Series,7.0,45K,"Scream 4,Scream 2,Scream 3,Scream,Scream,Scream VI,Scream Queens,Slasher,Fear Street: Part Two - 1978,Fear Street: Part One - 1994,Scream 7,Halloween"
2024-04-17T16:44,2006–2010,Common people discover that they have super powers. Their lives intertwine as a devastating event must be prevented.,"Drama,Fantasy,Sci-Fi",tt0813715,Heroes,7.5,251K,"Heroes Reborn,Fringe,True Blood,Grimm,Smallville,Warehouse 13,Eureka,Agents of S.H.I.E.L.D.,Jessica Jones,Chuck,Once Upon a Time,Buffy the Vampire Slayer"
2024-04-17T16:44,2010–2021,"An intrepid band of explorers roam the oceans in search of adventure and fun. Led by a valiant polar bear and a daredevil kitten, these eight talented critters are always ready to embark on ...","Animation,Adventure,Comedy",tt1710177,The Octonauts,7.6,1.5K,"Octonauts: Above & Beyond,Octonauts & the Great Barrier Reef,Peppa Pig,Wild Kratts,Dinosaur Train,Chuggington,Curious George,In the Night Garden...,Octonauts and the Caves of Sac Actun,Bob the Builder,Pocoyo,Doc McStuffins"
2024-04-17T16:44,2012,"The exploits of the notorious drug lord, Pablo Escobar.","Biography,Crime,Drama",tt2187850,Pablo Escobar: El Patrón del Mal,8.4,5.9K,"El Cartel de los Sapos,El Chapo,Alias J.J.,The Snitch Cartel: Origins,Pablo Escobar: King of Cocaine,Narcos: Mexico,El cartel 2 - La guerra total,Narcos,The Great Heist,Pablo Escobar: Countdown to Death,Escobar by Escobar,Yo soy Betty, la fea"
2024-04-17T16:44,2012–2015,Barbie has various misadventures with her friends and sisters in a doll-sized version of Malibu.,"Animation,Short,Comedy",tt2644032,Barbie: Life in the Dreamhouse,7.5,2.8K,"Barbie Dreamhouse Adventures,Barbie: Princess Charm School,Barbie in a Mermaid Tale,Barbie and the Three Musketeers,Barbie: The Princess & the Popstar,Barbie and the Diamond Castle,Barbie: A Fashion Fairytale,Barbie: A Fairy Secret,Ever After High,Barbie in the 12 Dancing Princesses,Barbie as Rapunzel,Barbie as The Princess and the Pauper"
2024-04-17T16:44,2016–2023,"Imagine being in jail. Now imagine living in a foreign country. Scary? Paul Connelly takes you inside these jails. He shows what living conditions are for the inmates, as well as the guards....",Documentary,tt6322264,Inside the World's Toughest Prisons,7.2,4K,"Drug Lords,I Am a Killer,Dark Tourist,Unsolved Mysteries,Conversations with a Killer: The Jeffrey Dahmer Tapes,The Ripper,I Am a Stalker,Don't F**k with Cats: Hunting an Internet Killer,Till Murder Do Us Part: Soering vs. Haysom,Killer Sally,Behind Bars: The World's Toughest Prisons,Conversations with a Killer: The Ted Bundy Tapes"
2024-04-17T16:44,2019,A series of colorized archive footage of important events during World War II.,"Documentary,History,War",tt9103932,Greatest Events of WWII in Colour,8.7,11K,"WWII in Color: Road to Victory,World War II in Colour,World War II: From the Frontlines,Hitler's Circle of Evil,WWII in HD,Apocalypse: The Second World War,How to Become a Tyrant,Apocalypse la 1ère Guerre mondiale,Turning Point: 9/11 and the War on Terror,Age of Tanks,The Vietnam War,Five Came Back"
2024-04-17T16:44,2021–2022,"Everything comes unraveling for three successful women who work on a radio show as twists, turns and troubles plague their seemingly happy marriages.","Drama,Romance",tt13814840,Love,6.7,653,"Remarriage & Desires,Mine,SKY Castle,You Are My Spring,Record of Youth,Forecasting Love and Weather,Are We in Love?,My Secret Romance,Level Up,Trolley,The Queen's Umbrella,Perfect Marriage Revenge"
2024-04-17T16:44,2014–2015,A piano prodigy who lost his ability to play after suffering a traumatic event in his childhood is forced back into the spotlight by an eccentric girl with a secret of her own.,"Animation,Comedy,Drama",tt3895150,Your Lie in April,8.5,38K,"Erased,A Silent Voice: The Movie,Horimiya,Kaguya-sama: Love is War,Rascal Does Not Dream of Bunny Girl Senpai,Haikyu!!,Your Name.,Steins;Gate,Death Note,Mob Psycho 100,Code Geass,My Dress-Up Darling"
2024-04-17T16:44,2018–2020,"The protagonist, Baki Hanma, trains with an intense focus to become strong enough to surpass his father, Yujiro Hanma, the strongest fighter in the world.","Animation,Action,Drama",tt6357658,Baki,6.8,8.7K,"Baki Hanma,Baki the Grappler,Baki,Kengan Ashura,Grappler Baki: The Ultimate Fighter,Record of Ragnarok,Baki Hanma VS Kengan Ashura,The Seven Deadly Sins,Fighting Spirit,Tokyo Ghoul,Kuroko's Basketball,Fire Force"
2024-04-17T16:44,2010–,"Toprak, who lost her baby, is hired as a wet nurse for wealthy Yusuf's motherless son. Yusuf is drawn to Toprak, but also to her scheming sister.",Romance,tt6951562,Love Is in the Air,7.1,129,"Love Is in the Air,Love Is in the Air,Love in the Air,Grimm: Love Is in the Air,Love Doesn't Understand Words,Another Love,Love Again,In the Dark"
2024-04-17T16:44,2000–2019,"Along with her friend Monkey Boots, Dora goes on adventures.","Animation,Adventure,Comedy",tt0235917,Dora the Explorer,4.3,7.8K,"Go, Diego! Go!,Mickey Mouse Clubhouse,Team Umizoomi,Max & Ruby,Bob the Builder,Bubble Guppies,Wonder Pets!,Little Einsteins,Handy Manny,Dora the Explorer,The Backyardigans,Charlie and Lola"
2024-04-17T16:44,2015–2018,"A comedy series about a bachelor brother and his newly divorced sister living under one roof again. Together, they coach each other through the crazy world of dating while raising her teenag...","Comedy,Drama",tt4577466,Casual,7.5,9.4K,"You're the Worst,Togetherness,Co-Ed,Pivoting,Man Seeking Woman,Catastrophe,When Jeff Tried to Save the World,Married,Show Pony,This Way Up,Happy Endings,The Mindy Project"
2024-04-17T16:44,2018–,"The colorful crew at Gotham Garage overhauls an eclectic collection of cars and trucks, trading up to a showstopper they can sell for big bucks.",Reality-TV,tt8893550,Car Masters: Rust to Riches,8.3,12K,"Rust Valley Restorers,Tex Mex Motors,Gotham Garage,Fastest Car,Drive Hard: The Maloof Way,Swap Shop,Hyperdrive,Fast N' Loud,West Coast Customs,Counting Cars,Big Timber,Inside West Coast Customs"
2024-04-17T16:44,2018–2022,"Follows incarcerated killers, who tell the story of how they ended up there.","Documentary,Crime",tt8300324,I Am a Killer,7.3,5K,"I Am a Stalker,I Am A Killer: Released,The Confession Tapes,Catching Killers,Crime Scene: The Texas Killing Fields,I Just Killed My Dad,Unsolved Mysteries,Sins of Our Mother,The Confession Killer,Memories of a Murderer: The Nilsen Tapes,The Trials of Gabriel Fernandez,The Ripper"
2024-04-17T16:44,2020,"A riches-to-rags pianist who loses everything but her smile is guided by twinkling little stars to a small town where she finds hope, home and love.","Comedy,Drama,Music",tt12850262,Do Do Sol Sol La La Sol,7.3,2.5K,"Run On,Extraordinary You,Record of Youth,Romance Is a Bonus Book,Alchemy of Souls,My Holo Love,Forecasting Love and Weather,Because This Is My First Life,Hong Rang,When the Weather is Fine,Hometown Cha-Cha-Cha,Once Upon a Small Town"
2024-04-17T16:44,2010–2014,"R.L. Stine leads young viewers on a creepy tour of tales featuring life-sized dolls, werewolves, and carnival clowns that are stalking children.","Action,Adventure,Comedy",tt1765510,R.L. Stine's the Haunting Hour,7.9,2.8K,"The Nightmare Room,Creeped Out,Deadtime Stories,My Babysitter's a Vampire,Jessie,Wow! Wow! Wubbzy!,Wizards of Waverly Place,So Weird,Brandy & Mr. Whiskers,My Babysitter's a Vampire,Austin & Ally,Jinxed"
2024-04-17T16:44,2016–2020,"A post-apocalyptic thriller set in near-future Brazil, where a select few are allowed to join a privileged society after undergoing an intense and competitive process.","Action,Drama,Sci-Fi",tt4922804,3%,7.3,28K,"The Rain,Into the Night,Snowpiercer,Sense8,Tribes of Europa,3%,Travelers,The 100,The I-Land,The OA,The Society,Omniscient"
2024-04-17T16:44,2016–2018,"Misadventures of Dewey Finn, a rocker who poses as a substitute teacher at a prestigious prep school as he teaches his unconventional and overachieving students to play and love rock 'n' rol...","Comedy,Family,Musical",tt4129004,School of Rock,4.5,2.5K,"The Haunted Hathaways,Game Shakers,The Thundermans,100 Things to Do Before High School,Nicky, Ricky, Dicky & Dawn,Bella and the Bulldogs,Henry Danger,Sam & Cat,Splitting Adam,Knight Squad,Malibu Rescue: The Next Wave,Big Time Rush"
2024-04-17T16:44,2013–2020,"The missions of the Strategic Homeland Intervention, Enforcement and Logistics Division.","Action,Adventure,Drama",tt2364582,Agents of S.H.I.E.L.D.,7.5,226K,"Agent Carter,Jessica Jones,The Defenders,Luke Cage,Iron Fist,Arrow,Agents of S.H.I.E.L.D.: Slingshot,DC's Legends of Tomorrow,The Flash,Gotham,Daredevil,The Punisher"
2024-04-17T16:44,2016–2020,Viking life at the close of the 8th century.,"Comedy,History",tt5905354,Vikingane,7.7,21K,"Lilyhammer,Jul i Blodfjell,Førstegangstjenesten,Nissene i bingen,The Norsemen,1670,Dag,Nissene over skog og hei,Captain Fall,Nissene på låven,White Boys,Space Force"
2024-04-17T16:44,2017,"Set a few months after the events of the second season of Daredevil, and a month after the events of Iron Fist, the vigilantes Daredevil, Jessica Jones, Luke Cage, and Iron Fist team up in N...","Action,Adventure,Crime",tt4230076,The Defenders,7.2,116K,"Luke Cage,Iron Fist,Jessica Jones,Daredevil,The Punisher,The Falcon and the Winter Soldier,Agents of S.H.I.E.L.D.,Agent Carter,Hawkeye,Moon Knight,Runaways,Life on Mars"
2024-04-17T16:44,2016–2019,A trio of women form a musical group in Atlanta.,"Drama,Music,Musical",tt4941240,Star,6.7,5.1K,"Empire,Queens,Being Mary Jane,Playing God,The Game,Double Cross,Love & Hip Hop: Atlanta,Cinderelo,Claws,Little Voice,Sistas,Queen Sugar"
2024-04-17T16:44,2017–,"As the Medellin Cartel crumbles, Pablo Escobar's No.1 hit man struggles to stay alive and gain respect in the prison hierarchy.",Drama,tt6809396,Alias J.J.,7.8,1.1K,"Pablo Escobar: El Patrón del Mal,El Cartel de los Sapos,Wild District,El Chema,The Snitch Cartel: Origins,The Final Score,El Chapo,Alias el Mexicano,Las muñecas de la mafia,Pasión de gavilanes,El Señor de los Cielos,El cartel 2 - La guerra total"
2024-04-17T16:44,2017–2018,"A New Jersey mom puts her relationship with her daughter to the test when she lands an internship at her new job, which comes with many challenges.",Comedy,tt4955480,Great News,7.0,8.4K,"Unbreakable Kimmy Schmidt,Great News,Happy Endings,Girls5eva,Champions,30 Rock,The Mindy Project,Girlboss,Mr. Iglesias,One Day at a Time,Unstable,Love"
2024-04-17T16:44,2018–2022,Seven-year-old Abby Hatcher and her Fuzzly friend Bozzly go on adventures to fix the Fuzzly's problems at her hotel.,"Animation,Adventure,Comedy",tt9433014,"Abby Hatcher, Fuzzly Catcher",5.5,236,"True and the Rainbow Kingdom,Bubble Guppies,The Backyardigans,Butterbean's Café,Rusty Rivets,Rainbow Ruby,PAW Patrol,Sunny Day,PJ Masks,Dora the Explorer,Gabby's Dollhouse,Dino Ranch"
2024-04-17T16:44,2017–,Tense new series exploring cold cases from victims death to criminal conviction. Expertly narrated by a foreboding Danny Glover.,"Documentary,Crime",tt6459472,Cold Case Files,7.9,1.7K,"Cold Case Files,Unsolved Mysteries: Original Robert Stack Episodes,Forensic Files II,48 Hours,The First 48,Forensic Files,Snapped,Cold Case Files: DNA Speaks,America's Most Wanted: America Fights Back,The F.B.I. Files,Dateline NBC,Buried in the Backyard"
2024-04-17T16:44,2013–2014,A young girl arrives at a school of superhumans to find out the truth behind her father's murder.,"Animation,Action,Comedy",tt3114390,KILL la KILL,7.9,17K,"Gurren Lagann,Akame ga Kill!,Psycho-Pass,No Game, No Life,Black Lagoon,FLCL,Soul Eater,Hellsing Ultimate,Elfen Lied,Konosuba: God's Blessing on This Wonderful World!,The Future Diary,Devilman: Crybaby"
2024-04-17T16:44,2010–2011,"Ayuzawa Misaki serves as the student council president at Seika High. However, unbeknownst to her classmates, she works part-time as an employee at a Maid Cafe. Usui Takumi, a boy from her s...","Animation,Comedy,Romance",tt1634208,Maid Sama!,7.9,8.7K,"Kamisama Kiss,Tonari no kaibutsu-kun,Ookami shoujo to kuro ouji,Blue Spring Ride,Say ""I love you"",Kimi ni Todoke: From Me to You,Snow White with the Red Hair,Ouran High School Host Club,Yona of the Dawn,Toradora!,Fruits Basket,Horimiya"
2024-04-17T16:44,2022,"On her 30th birthday out for lunch with her mother suddenly explodes into violence, an adrift young woman's perception of her mother is forever changed.","Crime,Drama,Mystery",tt9170236,Pieces of Her,6.3,32K,"Clickbait,The Stranger,Stay Close,Behind Her Eyes,Unbelievable,Safe,Echoes,The Watcher,The Sinner,Anatomy of a Scandal,Fool Me Once,The Woman in the House Across the Street from the Girl in the Window"
2024-04-17T16:44,1999,"Documentary-style series about the era of the dinosaurs, mixing real locations and CGI.","Documentary,Animation,History",tt0214382,Walking with Dinosaurs,8.5,6.9K,"Walking with Prehistoric Beasts,Walking with Monsters,Allosaurus: A Walking with Dinosaurs Special,Sea Monsters: A Walking with Dinosaurs Trilogy,Prehistoric Park,Planet Dinosaur,Chased by Dinosaurs,Walking with Cavemen,Prehistoric Planet,When Dinosaurs Roamed America,Dinosaur Revolution,Dinosaurs: Prehistoric Planet"
2024-04-17T16:44,2019–2020,"The spinoff series of Bad Boys films focuses on drug enforcement agent Sydney Burnett, now working for the Los Angeles Police Department.","Action,Comedy,Crime",tt7555294,L.A.'s Finest,6.2,8.4K,"Whiskey Cavalier,Dubai Presents: A Five-Star Mission,Quantico,Dark Angel,Blindspot,Lethal Weapon,CSI: Vegas,APB,L.A.'s Finest: Behind the Scenes Extras,Killers Anonymous,Rosewood,Conviction"
2024-04-17T16:44,2016–2017,"First announced under the working title ""MY AMERICAN FRIEND"", this series is about the bond between two girls, MAGGIE (an American fashion student) and BIANCA (the daughter of an industry mo...","Comedy,Drama,Family",tt6155478,Maggie & Bianca: Fashion Friends,6.1,197,"Soy Luna,Alexa & Katie,Liv and Maddie,Go! Live Your Way,Project Mc²,Free Rein,Violetta,Penny on M.A.R.S.,No Good Nick,Sam & Cat,Greenhouse Academy,Winx Club"
2024-04-17T16:44,2021,"As Ash battles his way through the World Coronation Series, Goh continues his quest to catch every Pokémon. Together, they're on a journey to adventure.","Animation,Action,Adventure",tt15416672,Pokémon Master Journeys,7.6,475,"Pokémon Journeys: The Series,Serie Pokemon XY,Pokémon: The Arceus Chronicles,Pokémon the Movie: Diancie and the Cocoon of Destruction,Pokémon the Movie: I Choose You!,Pokémon,Pokémon Horizons: The Series,Pokémon: Mewtwo Strikes Back - Evolution,Pokémon the Movie: Volcanion and the Mechanical Marvel,Pokémon the Movie: The Power of Us,Pokémon: Lucario and the Mystery of Mew,Pokémon the Movie: Secrets of the Jungle"
2024-04-17T16:44,2020–,Organizers Clea Shearer and Joanna Teplin of The Home Edit conquer clutter and transform lives. Reese Witherspoon and Molly Sims coproduce.,Reality-TV,tt10834478,Get Organized with the Home Edit,5.6,1.8K,"Dream Home Makeover,Tidying Up with Marie Kondo,Hack My Home,Tiny House Nation,Sparking Joy with Marie Kondo,Instant Dream Home,The Big Flower Fight,Motel Makeover,Bake Squad,Master the Mess,Interior Design Masters,School of Chocolate"
